<?xml version="1.0" encoding="UTF-8" standalone="yes"?>
<manifest>
  <control namespace="Controls" constructor="TwoOptionsRadio" version="0.0.1" display-name-key="TwoOptionsRadioButton" description-key="PCF Control For TwoOptions Radio Button" control-type="standard" api-version="1.3.18">
    <external-service-usage enabled="false"/>
    <property name="value" display-name-key="Value" description-key="Bound Two Options value" of-type="TwoOptions" usage="bound" required="false"/>
    <property name="trueLabel" display-name-key="True label" description-key="Label shown for true" of-type="SingleLine.Text" usage="input" required="false"/>
    <property name="falseLabel" display-name-key="False label" description-key="Label shown for false" of-type="SingleLine.Text" usage="input" required="false"/>
    <resources>
      <code path="bundle.js" order="1"/>
      <css path="css/TwoOptionsRadio.css" order="1"/>
    </resources>
    <feature-usage/>
    <built-by name="pac" version="1.51.1"/>
  </control>
</manifest>